id	created_time	ad_id	ad_name	adset_id	adset_name	campaign_id	campaign_name	form_id	form_name	is_organic	platform	"full name"	email	phone	inbox_url
l:13954496069696410	2025-10-22T23:39:20-07:00	ag:120232260458400575	"Caregiver Recruitment COS"	as:120232260458420575	"Caregiver Recruitment"	c:120232260458410575	"Caregiver Recruitment - Denver"	f:24256335720669605	"Generated untitled 6/17/25, 9:52 PM-copy"	false	fb	"Desiree Baker- Perkins"	dapbkl3@gmail.com	p:+19703085079	https://business.facebook.com/latest/24101688426172509?nav_ref=thread_view_by_psid
l:584791381357594	2025-10-22T23:39:20-07:00	ag:120232260458400575	"Caregiver Recruitment COS"	as:120232260458420575	"Caregiver Recruitment"	c:120232260458410575	"Caregiver Recruitment - Denver"	f:24256335720669605	"Generated untitled 6/17/25, 9:52 PM-copy"	false	fb	"Sue Fisher"	lilbit771@gmail.com	p:+17192335278	https://business.facebook.com/latest/24827908156869991?nav_ref=thread_view_by_psid
l:1285300246611143	2025-10-22T23:38:01-07:00	ag:120232260458400575	"Caregiver Recruitment COS"	as:120232260458420575	"Caregiver Recruitment"	c:120232260458410575	"Caregiver Recruitment - Denver"	f:24256335720669605	"Generated untitled 6/17/25, 9:52 PM-copy"	false	fb	"Louise Carr"	Louisecarr88@gmail.com	p:+17196394493	https://business.facebook.com/latest/31878073728506605?nav_ref=thread_view_by_psid
l:1740078623371379	2025-10-22T23:10:26-07:00	ag:120232260458400575	"Caregiver Recruitment COS"	as:120232260458420575	"Caregiver Recruitment"	c:120232260458410575	"Caregiver Recruitment - Denver"	f:24256335720669605	"Generated untitled 6/17/25, 9:52 PM-copy"	false	fb	"PA Diaab"	Digdug1786@gmail.com	p:+19702034560	https://business.facebook.com/latest/24566276896327994?nav_ref=thread_view_by_psid
l:1374921017681093	2025-10-22T23:07:12-07:00	ag:120232260458400575	"Caregiver Recruitment COS"	as:120232260458420575	"Caregiver Recruitment"	c:120232260458410575	"Caregiver Recruitment - Denver"	f:24256335720669605	"Generated untitled 6/17/25, 9:52 PM-copy"	false	fb	"Rickee Garcia"	rickeegarcia8@gmail.com	p:+17203269614	https://business.facebook.com/latest/24837648515894838?nav_ref=thread_view_by_psid
